Student_ID,Name,City,Age,Study_Hours,Attendance_pct,Assignment_Score,Quiz_Score,Previous_Marks,Final_Marks,Course,Enrollment_Date,Device,Internet_Access,Part_Time_Job,Satisfaction_Rating
S001,Ali Raza,Lahore,22,5.4,70,60,51,46,52,Data Science,2026-01-24,Tablet,Yes,No,5
S002,Ayesha Khan,Rawalpindi,25,10.2,76,70,62,72,54,Web Dev,2026-01-19,Laptop,No,No,1
S003,Bilal Ahmed,Rawalpindi,23,13.9,73,69,71,60,70,AI fundamentals,2026-02-19,Tablet,Yes,No,2
S004,Hira Malik,Lahore,21,12.8,82,96,68,77,71,Web Dev,2026-01-20,Desktop,Yes,No,1
S005,Usman Tariq, Faisalabad ,20,9.5,76,79,59,88,68,Web Development,2026-01-24,Laptop,Yes,No,1
S006,Sara Iqbal, Karachi ,23,,60,35,51,55,41,Data Science,2026-02-26,Tablet,Yes,No,4
S007,Hamza Noor,faisalabad,23,5.1,77,56,54,60,64, AI Fundamentals ,2026-02-17,Laptop,Yes,No,4
S008,Maham Shah,faisalabad,26,14.1,94,96,75,67,71,Web Dev,2026-01-17,Desktop,Yes,No,3
S009,Zain Abbas,Faisalabad,26,14.8,105,76,65,63,76,AI Fundamentals,2026-02-17,Desktop,Yes,Yes,3
S010,Fatima Aslam,Islamabad,18,5.4,79,53,50,57,42,ai fundamentals,2026-01-18,Tablet,Yes,No,3
S011,Ahmed Hassan, Faisalabad ,24,15.5,99,77,70,60,63, Web Development ,2026-02-12,Desktop,Yes,Yes,3
S012,Noor Fatima,lahore,27,5.1,74,69,57,61,76,Web Development,2026-02-11,Laptop,Yes,No,5
S013,Daniyal Khan, Karachi ,27,10.1,,81,59,69,64, Web Development ,2026-02-25,Laptop,Yes,No,1
S014,Laiba Riaz,LAHORE,23,13.2,77,83,76,66,70,data science,2026-02-08,Laptop,Yes,Yes,5
S015,Saad Ali,Lahore,26,13.7,99,75,76,67,68,Web Development,02/15/2026,Desktop,Yes,No,4
S016,Eman Khalid,islamabad,26,11.3,80,66,67,69,67,AI Fundamentals,2026-02-26,Desktop,Yes,No,5
S017,Taha Siddiqui,Faisalabad,18,15.5,94,87,63,66,73,ai fundamentals,2026-02-16,Tablet,Yes,Yes,5
S018,Anaya Sheikh, Faisalabad ,23,15.1,93,87,92,75,87,AI fundamentals,2026-02-08,Desktop,No,No,1
S019,Hassan Rauf, Rawalpindi ,27,15.9,96,88,75,96,92,Web Dev,2026-01-20,Desktop,Yes,No,5
S020,Mehak Javed,Faisalabad,26,6.2,56,,31,63,47, Data Science ,2026-02-14,Laptop,Yes,No,3
S021,Rayan Butt, Karachi ,22,9.1,75,88,76,69,73,web development,2026-02-19,Desktop,Yes,No,4
S022,Iqra Nawaz,Faisalabad,19,3.1,59,66,30,38,43,ai fundamentals,2026-02-06,Laptop,Yes,No,1
S023,Huzaifa Qureshi,Islamabad,21,11.3,73,83,87,49,69,Data Science,2026-01-21,Desktop,Yes,No,3
S024,Amna Saeed, Rawalpindi ,21,0,48,59,47,73,42,Data Science,2026-02-08,Desktop,Yes,No,2
S025,Talha Mir,Karachi,21,7.6,71,66,58,53,47,AI fundamentals,2026-01-11,Laptop,Yes,Yes,5
S026,Zoya Akram,Islamabad,19,10.4,77,60,80,40,67,data science,2026-02-15,Laptop,Yes,No,1
S027,Omer Farooq, Faisalabad ,21,7.1,83,67,51,69,69,Web Dev,2026-02-21,Desktop,Yes,No,5
S028,Minal Zahid,Karachi, 22 ,11.3,68,60,79,74,71,Web Development,2026-01-29,Desktop,Yes,No,5
S029,Adeel Akhtar,islamabad,25,8.2,75,75,74,53,66,AI fundamentals,2026-01-15,Laptop,Yes,Yes,2
S030,Maryam Arif,Karachi,18,5.4,70,37,55,68,54,ai fundamentals,2026-02-24,Tablet,Yes,No,2
S031,Abdullah Riaz,Lahore,24,5.1,71,41,37,61,50,data science,2026-02-21,Tablet,No,No,4
S032,Sana Malik, Faisalabad ,26,8.0,70,73,51,,74,Web Dev,2026-02-27,Laptop,Yes,Yes,5
S033,Waleed Ahmed, Rawalpindi ,21,5.8,74,61,51,68,55,data science,2026-02-23,Laptop,Yes,Yes,4
S034,Kinza Tariq, Islamabad ,25,7.8,71,66,69,73,58,AI Fundamentals,2026-02-27,Tablet,yes,Yes,3
S035,Ahsan Noor,islamabad,24,9.5,74,50,72,58,56,Web Dev,2026-02-21,Tablet,Yes,No,4
S036,Rida Shah, Karachi ,26,2.4,71,110,53,68,52,data science,2026-01-21,Laptop,Yes,No,4
S037,Fahad Abbas,islamabad,24,5.9,77,55,59,50,55,web development,2026-02-20,Laptop,Yes,No,1
S038,Maira Aslam,Karachi,18,10.7,76,72,77,85,82,Web Dev,2026-02-28,Desktop,Yes,No,1
S039,Zeeshan Hassan,karachi,19,10.1,88,64,72,61,70,ai fundamentals,2026-01-16,Tablet,Yes,No,5
S040,Hafsa Iqbal,Lahore,23,9.5,74,66,58,64,60, Web Development ,2026/02/05,Desktop,No,No,4
S041,Moiz Khan,karachi,20,12.3,89,74,74,58,61,AI fundamentals,2026-01-30,Laptop,Yes,Yes,4
S042,Areeba Riaz,karachi,27,8.5 ,79,69,66,71,62,data science,2026-01-26,Desktop,Yes,No,3
S043,Shayan Ali,Faisalabad,26,15.3,99,91,58,76,73, Web Development ,2026-03-01,Laptop,Yes,Yes,2
S044,Neha Khalid, Islamabad ,27,7.2,59,53,53,74,54, Web Development ,2026-01-27,Desktop,Yes,Yes,2
S045,Ibrahim Siddiqui,Islamabad,26,15.3,87,77,76,66,61,AI fundamentals,2026-01-16,Laptop,Yes,No,3
S046,Aiman Sheikh,lahore,22,2.6,53,57,48,68,,Web Development,2026-01-10,Tablet,Yes,No,3
S047,Rafay Rauf,Karachi,22,15.2,72,86,72,77,70, Data Science ,2026-01-29,Laptop,No,Yes,4
S048,Sidra Javed, Faisalabad ,27,5.2,64,45,49,40,50,Web Dev,2026-02-15,Tablet,Yes,No,1
S049,Arham Butt, Karachi ,21,5.7,73,61,46,57,46,Web Dev,2026-01-12,Laptop,Yes,NO,4
S050,Aleena Nawaz,lahore,22,13.0,91,67,59,80,65,ai fundamentals,2026-02-20,Laptop,No,No,1
S051,Salman Qureshi,lahore,22,10.3,87,50,52,71,56, Web Development ,2026-02-07,Laptop,Yes,No,3
S052,Nimra Saeed,LHR,18,3.3,71,69,41,38,45,AI fundamentals,2026-02-15,Laptop,Yes,Yes,5
S053,Shahzaib Mir,rawalpindi,20,16.0,75,92,90,73,72,Data Science,2026-01-31,Desktop,Yes,Yes,4
S054,Arooj Akram,Faisalabad,25,3.2,66,51,51,58,38, Data Science ,2026-02-13,Desktop,Yes,Yes,3
S055,Yousuf Farooq,faisalabad,25,12.6,86,88,80,65,74,ai fundamentals,2026-02-24,Laptop,Yes,Yes,4
S056,Komal Zahid,lahore,19,8.5,69,79,73,48,64,AI fundamentals,2026-02-05,Desktop,No,Yes,5
S057,Sameer Akhtar,karachi,21,14.9,69,81,81,68,71,AI fundamentals,2026-01-10,Desktop,Yes,No,5
S058,Madiha Arif,Rawalpindi,25,9.5,67,61,73,55,57,web development,2026-02-23,Laptop,,Yes,4
S059,Haris Riaz, Lahore ,25,11.9,85,65,57,53,69,Data Science,2026-02-11,Tablet,Yes,Yes,4
S060,Rabia Malik,LAHORE,18,12.1,80,62,77,76,73,Web Dev,2026-02-18,Tablet,Yes,Yes,3
S061,Adnan Ahmed,faisalabad,23,10.8,87,64,50,64,62,DataScience,2026-02-26,Laptop,Yes,Yes,1
S062,Mishal Tariq,Rawalpindi,22,14.6,99,99,80,71,89,Data Science,2026-02-12,Desktop,Yes,No,2
S063,Junaid Noor,Karachi,27,14.2,81,75,79,70,65,Web Development,2026-02-08,Desktop,Yes,Yes,4
S064,Fiza Shah, Islamabad ,22,10.9,81,65,69,71,61, Web Development ,2026-01-16,Laptop,Yes,No,3
S065,Kashif Abbas,Islamabad,24,5.8,55,52,52,56,43,web development,2026-02-17,Desktop,Yes,Yes,3
S066,Hania Aslam, Karachi ,19,14.6,81,76,67,61,70,ai fundamentals,2026-01-15,Desktop,Yes,No,2
S067,Noman Hassan, Karachi ,23,9.4,90,58,61,84,53,AI fundamentals,2026-01-17,Desktop,No,Yes,
S068,Sehrish Iqbal, Rawalpindi ,23,3.3,64,45,52,62,55,AI fundamentals,2026-02-16,Desktop,Yes,No,1
S069,Ammar Khan,karachi,18,10.7,86,68,53,58,57,AI fundamentals,2026-02-20,Desktop,Yes,Yes,1
S070,Maha Riaz,islamabad,19,3.4,55,55,43,41,49, AI Fundamentals ,2026-02-16,laptop,Yes,No,1
S071,Zubair Ali, Rawalpindi ,24,15.1,86,98,78,85,82,AI fundamentals,2026-02-13,Tablet,Yes,No,2
S072,Inaya Khalid,LAHORE,19,11.3,88,64,55,86,68,Data Science,2026-03-01,Tablet,Yes,No,5
S073,Rehan Siddiqui, Karachi ,21,13.4,86,95,75,58,71, Data Science ,2026-01-26,Laptop,Yes,No,2
S074,Mishka Sheikh, Lahore ,21,10.2,99,77,64,74,78, Data Science ,2026-01-14,Desktop,Yes,No,5
S075,Asad Rauf,LAHORE,26,5.1,55,45,64,50,45,Data Science,2026-02-09,Desktop,Yes,Yes,4
S076,Saba Javed,Lahore,23,10.5,90,78,68,58,62, Web Development ,2026-02-17,Tablet,Yes,No,4
S077,Faraz Butt,Lahore,26,12.1,84,85,70,78,67,data science,2026-02-06,Desktop,Yes,No,2
S078,Anum Nawaz,Rawalpindi,19,13.6,88,82,75,70,60,AI Fundamentals,2026-02-16,Tablet,Yes,No,4
S017,Taha Siddiqui,Faisalabad,18,15.5,94,87,63,66,73,ai fundamentals,2026-02-16,Tablet,Yes,Yes,5
S045,Ibrahim Siddiqui,Islamabad,26,15.3,87,77,76,66,61,AI fundamentals,2026-01-16,Laptop,Yes,No,3
